{
	"info": {
		"_postman_id": "a1b2c3d4-e5f6-7890-abcd-ef1234567890",
		"name": "Activity Booking API",
		"description": "A collection of endpoints for the Activity Booking API",
		"schema": "https://schema.getpostman.com/json/collection/v2.1.0/collection.json"
	},
	"item": [
		{
			"name": "Authentication",
			"item": [
				{
					"name": "Register User",
					"request": {
						"method": "POST",
						"header": [
							{
								"key": "Content-Type",
								"value": "application/json"
							}
						],
						"body": {
							"mode": "raw",
							"raw": "{\n    \"name\": \"John Doe\",\n    \"email\": \"john@example.com\",\n    \"phone\": \"9876543210\",\n    \"password\": \"password123\"\n}"
						},
						"url": {
							"raw": "{{base_url}}/api/auth/register",
							"host": ["{{base_url}}"],
							"path": ["api", "auth", "register"]
						},
						"description": "Register a new user"
					}
				},
				{
					"name": "Login User",
					"request": {
						"method": "POST",
						"header": [
							{
								"key": "Content-Type",
								"value": "application/json"
							}
						],
						"body": {
							"mode": "raw",
							"raw": "{\n    \"email\": \"john@example.com\",\n    \"password\": \"password123\"\n}"
						},
						"url": {
							"raw": "{{base_url}}/api/auth/login",
							"host": ["{{base_url}}"],
							"path": ["api", "auth", "login"]
						},
						"description": "Login with user credentials"
					}
				}
			]
		},
		{
			"name": "Activities",
			"item": [
				{
					"name": "Get All Activities",
					"request": {
						"method": "GET",
						"header": [],
						"url": {
							"raw": "{{base_url}}/api/activities",
							"host": ["{{base_url}}"],
							"path": ["api", "activities"]
						},
						"description": "Get list of all activities (public endpoint)"
					}
				},
				{
					"name": "Create Activity",
					"request": {
						"method": "POST",
						"header": [
							{
								"key": "Content-Type",
								"value": "application/json"
							},
							{
								"key": "Authorization",
								"value": "Bearer {{auth_token}}"
							}
						],
						"body": {
							"mode": "raw",
							"raw": "{\n    \"title\": \"Cricket Match\",\n    \"description\": \"Weekend cricket match\",\n    \"location\": \"Central Park\",\n    \"dateTime\": \"2024-03-20T14:00:00Z\"\n}"
						},
						"url": {
							"raw": "{{base_url}}/api/activities",
							"host": ["{{base_url}}"],
							"path": ["api", "activities"]
						},
						"description": "Create a new activity (protected endpoint)"
					}
				}
			]
		},
		{
			"name": "Bookings",
			"item": [
				{
					"name": "Create Booking",
					"request": {
						"method": "POST",
						"header": [
							{
								"key": "Content-Type",
								"value": "application/json"
							},
							{
								"key": "Authorization",
								"value": "Bearer {{auth_token}}"
							}
						],
						"body": {
							"mode": "raw",
							"raw": "{\n    \"activityId\": \"{{activity_id}}\"\n}"
						},
						"url": {
							"raw": "{{base_url}}/api/bookings",
							"host": ["{{base_url}}"],
							"path": ["api", "bookings"]
						},
						"description": "Book an activity (protected endpoint)"
					}
				},
				{
					"name": "Get My Bookings",
					"request": {
						"method": "GET",
						"header": [
							{
								"key": "Authorization",
								"value": "Bearer {{auth_token}}"
							}
						],
						"url": {
							"raw": "{{base_url}}/api/bookings/my-bookings",
							"host": ["{{base_url}}"],
							"path": ["api", "bookings", "my-bookings"]
						},
						"description": "Get list of user's bookings (protected endpoint)"
					}
				}
			]
		}
	],
	"event": [
		{
			"listen": "prerequest",
			"script": {
				"type": "text/javascript",
				"exec": [""]
			}
		},
		{
			"listen": "test",
			"script": {
				"type": "text/javascript",
				"exec": [
					"// Save auth token after login",
					"if (pm.info.requestName === \"Login User\") {",
					"    var jsonData = pm.response.json();",
					"    if (jsonData.token) {",
					"        pm.environment.set(\"auth_token\", jsonData.token);",
					"    }",
					"}",
					"",
					"// Save activity ID after creating activity",
					"if (pm.info.requestName === \"Create Activity\") {",
					"    var jsonData = pm.response.json();",
					"    if (jsonData._id) {",
					"        pm.environment.set(\"activity_id\", jsonData._id);",
					"    }",
					"}"
				]
			}
		}
	],
	"variable": [
		{
			"key": "base_url",
			"value": "http://localhost:3000",
			"type": "string"
		},
		{
			"key": "auth_token",
			"value": "",
			"type": "string"
		},
		{
			"key": "activity_id",
			"value": "",
			"type": "string"
		}
	]
} 